{"stats":{"minecraft:killed_by":{"minecraft:zombie":1,"minecraft:skeleton":1},"minecraft:broken":{"minecraft:iron_shovel":3,"minecraft:stone_pickaxe":1,"minecraft:iron_sword":1,"minecraft:iron_pickaxe":2},"minecraft:dropped":{"minecraft:crafting_table":1,"minecraft:cooked_porkchop":1,"minecraft:music_disc_13":1,"minecraft:flint":8,"minecraft:dirt":51,"minecraft:mutton":2,"minecraft:iron_pickaxe":1,"minecraft:birch_log":6,"minecraft:white_wool":2,"minecraft:oak_door":1,"minecraft:stone_axe":2,"minecraft:sugar_cane":2,"minecraft:rotten_flesh":4,"minecraft:oak_planks":42,"minecraft:diamond_shovel":1,"minecraft:cooked_mutton":3,"minecraft:white_bed":2,"minecraft:melon_seeds":2,"minecraft:arrow":5,"minecraft:bread":9,"minecraft:wheat_seeds":58,"minecraft:feather":1,"minecraft:cobblestone":63,"minecraft:granite":3,"minecraft:spruce_door":4,"minecraft:coal":9,"minecraft:golden_apple":1,"minecraft:stick":7,"minecraft:gray_wool":1,"minecraft:torch":7,"minecraft:oak_stairs":5,"minecraft:pumpkin":1,"minecraft:iron_shovel":2,"minecraft:string":1,"minecraft:bucket":1,"minecraft:spruce_sapling":5,"minecraft:sweet_berries":4,"minecraft:stone_sword":3,"minecraft:tuff":10,"minecraft:light_gray_wool":1,"minecraft:iron_hoe":1,"minecraft:pumpkin_seeds":4,"minecraft:deepslate_bricks":1,"minecraft:iron_chestplate":1,"minecraft:oak_sapling":4,"minecraft:spider_eye":1,"minecraft:spruce_log":47,"minecraft:stone_pickaxe":1,"minecraft:wooden_pickaxe":1},"minecraft:crafted":{"minecraft:oak_planks":476,"minecraft:stone":289,"minecraft:cobblestone_stairs":4,"minecraft:diamond_shovel":1,"minecraft:cooked_mutton":10,"minecraft:stone_brick_slab":90,"minecraft:bow":2,"minecraft:iron_boots":1,"minecraft:chest":11,"minecraft:stone_bricks":292,"minecraft:oak_fence":3,"minecraft:oak_slab":138,"minecraft:diamond_axe":1,"minecraft:crafting_table":19,"minecraft:spruce_planks":260,"minecraft:wooden_pickaxe":1,"minecraft:iron_helmet":1,"minecraft:spruce_door":6,"minecraft:copper_ingot":256,"minecraft:campfire":2,"minecraft:stone_brick_stairs":40,"minecraft:spruce_trapdoor":4,"minecraft:iron_chestplate":1,"minecraft:diamond_pickaxe":2,"minecraft:shield":2,"minecraft:stick":108,"minecraft:iron_pickaxe":3,"minecraft:iron_ingot":128,"minecraft:stone_sword":2,"minecraft:gold_ingot":82,"minecraft:deepslate_bricks":44,"minecraft:polished_andesite":8,"minecraft:oak_door":3,"minecraft:stone_brick_wall":36,"minecraft:jukebox":2,"minecraft:diamond_hoe":1,"minecraft:furnace":4,"minecraft:spruce_fence":3,"minecraft:spruce_stairs":8,"minecraft:polished_deepslate":64,"minecraft:iron_axe":1,"minecraft:ladder":33,"minecraft:iron_hoe":1,"minecraft:stone_pickaxe":1,"minecraft:cooked_beef":1,"minecraft:iron_sword":1,"minecraft:bucket":2,"minecraft:stone_axe":2,"minecraft:deepslate_tiles":32,"minecraft:bread":17,"minecraft:air":0,"minecraft:oak_boat":1,"minecraft:oak_stairs":172,"minecraft:iron_shovel":3,"minecraft:iron_leggings":1,"minecraft:deepslate_tile_stairs":16,"minecraft:white_bed":4,"minecraft:torch":252,"minecraft:lapis_block":33},"minecraft:killed":{"minecraft:cave_spider":8,"minecraft:spider":5,"minecraft:skeleton":8,"minecraft:chicken":3,"minecraft:pig":7,"minecraft:creeper":1,"minecraft:sheep":20,"minecraft:trader_llama":2,"minecraft:pillager":1,"minecraft:zombie":25,"minecraft:glow_squid":2,"minecraft:cow":1,"minecraft:bat":1,"minecraft:wandering_trader":1,"minecraft:enderman":3},"minecraft:used":{"minecraft:jack_o_lantern":2,"minecraft:iron_shovel":751,"minecraft:polished_deepslate":18,"minecraft:ladder":10,"minecraft:chest":13,"minecraft:shield":14,"minecraft:iron_sword":225,"minecraft:mutton":2,"minecraft:music_disc_13":2,"minecraft:stone_brick_stairs":65,"minecraft:stone_bricks":161,"minecraft:bow":10,"minecraft:sweet_berries":18,"minecraft:furnace":7,"minecraft:oak_sapling":38,"minecraft:potato":67,"minecraft:spruce_door":8,"minecraft:stone_pickaxe":131,"minecraft:oak_planks":35,"minecraft:wooden_pickaxe":3,"minecraft:diamond_axe":126,"minecraft:sugar_cane":4,"minecraft:stone_brick_wall":46,"minecraft:deepslate_tiles":7,"minecraft:bread":32,"minecraft:gravel":7,"minecraft:oak_boat":2,"minecraft:oak_fence":4,"minecraft:stone_sword":45,"minecraft:spruce_planks":76,"minecraft:cooked_chicken":2,"minecraft:oak_door":3,"minecraft:torch":303,"minecraft:dirt":862,"minecraft:spruce_stairs":8,"minecraft:spruce_fence":4,"minecraft:iron_hoe":273,"minecraft:stone_brick_slab":110,"minecraft:iron_axe":223,"minecraft:oak_stairs":213,"minecraft:deepslate_tile_stairs":16,"minecraft:cooked_beef":3,"minecraft:cobbled_deepslate":68,"minecraft:wheat_seeds":73,"minecraft:cooked_mutton":9,"minecraft:water_bucket":56,"minecraft:cobblestone_stairs":5,"minecraft:polished_andesite":8,"minecraft:deepslate_bricks":12,"minecraft:music_disc_cat":3,"minecraft:oak_slab":71,"minecraft:crafting_table":13,"minecraft:campfire":2,"minecraft:white_bed":9,"minecraft:spruce_log":206,"minecraft:oak_log":51,"minecraft:diamond_pickaxe":954,"minecraft:apple":4,"minecraft:diamond_shovel":1030,"minecraft:iron_pickaxe":566,"minecraft:spruce_trapdoor":4,"minecraft:stone_axe":55,"minecraft:cobblestone":524,"minecraft:white_banner":2,"minecraft:cooked_porkchop":25,"minecraft:bucket":57,"minecraft:jukebox":2},"minecraft:mined":{"minecraft:spruce_planks":4,"minecraft:white_bed":9,"minecraft:oak_sapling":11,"minecraft:farmland":4,"minecraft:cobblestone_stairs":1,"minecraft:carved_pumpkin":2,"minecraft:obsidian":5,"minecraft:granite":3,"minecraft:grass_block":1046,"minecraft:stone_brick_wall":10,"minecraft:spawner":5,"minecraft:iron_ore":40,"minecraft:cobbled_deepslate":3,"minecraft:pumpkin":5,"minecraft:deepslate_lapis_ore":26,"minecraft:azure_bluet":3,"minecraft:dirt_path":2,"minecraft:oak_stairs":45,"minecraft:deepslate_redstone_ore":33,"minecraft:torch":8,"minecraft:chest":2,"minecraft:cobblestone":77,"minecraft:sugar_cane":3,"minecraft:oak_planks":5,"minecraft:wall_torch":8,"minecraft:deepslate_copper_ore":24,"minecraft:birch_log":6,"minecraft:wheat":111,"minecraft:stone_brick_stairs":25,"minecraft:grass":265,"minecraft:oak_log":118,"minecraft:dirt":782,"minecraft:oak_leaves":63,"minecraft:deepslate":287,"minecraft:tuff":10,"minecraft:deepslate_diamond_ore":43,"minecraft:oak_door":3,"minecraft:jack_o_lantern":2,"minecraft:spruce_fence":1,"minecraft:spruce_leaves":27,"minecraft:large_fern":2,"minecraft:spruce_sapling":3,"minecraft:furnace":3,"minecraft:andesite":9,"minecraft:polished_deepslate":1,"minecraft:potatoes":29,"minecraft:deepslate_iron_ore":95,"minecraft:stone":665,"minecraft:oak_slab":17,"minecraft:stone_brick_slab":24,"minecraft:dandelion":12,"minecraft:oak_fence":2,"minecraft:crafting_table":4,"minecraft:cornflower":4,"minecraft:emerald_ore":2,"minecraft:campfire":1,"minecraft:tall_grass":24,"minecraft:copper_ore":47,"minecraft:deepslate_coal_ore":5,"minecraft:deepslate_gold_ore":59,"minecraft:lapis_ore":2,"minecraft:diorite":2,"minecraft:sweet_berry_bush":70,"minecraft:ice":1,"minecraft:spruce_log":82,"minecraft:white_wall_banner":1,"minecraft:coal_ore":122,"minecraft:gravel":25,"minecraft:cobweb":31,"minecraft:stone_bricks":14},"minecraft:picked_up":{"minecraft:iron_chestplate":1,"minecraft:wheat":102,"minecraft:lead":2,"minecraft:oak_stairs":42,"minecraft:stone_brick_stairs":25,"minecraft:music_disc_cat":2,"minecraft:string":39,"minecraft:raw_copper":492,"minecraft:cobbled_deepslate":296,"minecraft:spruce_planks":6,"minecraft:iron_pickaxe":1,"minecraft:furnace":3,"minecraft:stick":42,"minecraft:oak_fence":3,"minecraft:torch":31,"minecraft:porkchop":38,"minecraft:diorite":6,"minecraft:stone_sword":4,"minecraft:rotten_flesh":64,"minecraft:carved_pumpkin":2,"minecraft:obsidian":5,"minecraft:cobblestone":833,"minecraft:birch_log":6,"minecraft:feather":16,"minecraft:andesite":15,"minecraft:potato":77,"minecraft:flint":6,"minecraft:tuff":10,"minecraft:dirt":1834,"minecraft:lapis_lazuli":349,"minecraft:bone":10,"minecraft:bow":2,"minecraft:wheat_seeds":272,"minecraft:raw_gold":109,"minecraft:oak_planks":41,"minecraft:cooked_porkchop":17,"minecraft:music_disc_13":2,"minecraft:grass_block":1,"minecraft:diamond":75,"minecraft:granite":15,"minecraft:bread":9,"minecraft:emerald":4,"minecraft:jack_o_lantern":2,"minecraft:oak_sapling":72,"minecraft:charcoal":2,"minecraft:crafting_table":4,"minecraft:azure_bluet":3,"minecraft:chicken":3,"minecraft:stone_brick_wall":10,"minecraft:shield":2,"minecraft:cornflower":8,"minecraft:iron_shovel":2,"minecraft:beef":3,"minecraft:oak_boat":1,"minecraft:light_gray_wool":3,"minecraft:sugar_cane":4,"minecraft:chest":1,"minecraft:raw_iron":221,"minecraft:oak_door":5,"minecraft:spruce_fence":1,"minecraft:redstone":177,"minecraft:arrow":11,"minecraft:deepslate_bricks":1,"minecraft:mutton":40,"minecraft:white_wool":20,"minecraft:glow_ink_sac":3,"minecraft:leather":2,"minecraft:oak_log":168,"minecraft:gunpowder":4,"minecraft:cobblestone_stairs":1,"minecraft:white_banner":2,"minecraft:cooked_mutton":8,"minecraft:apple":6,"minecraft:stone_bricks":12,"minecraft:iron_ingot":58,"minecraft:stone_pickaxe":3,"minecraft:cooked_chicken":3,"minecraft:oak_slab":14,"minecraft:pumpkin":5,"minecraft:sweet_berries":146,"minecraft:stone_brick_slab":21,"minecraft:dandelion":12,"minecraft:gravel":30,"minecraft:spruce_sapling":41,"minecraft:white_bed":11,"minecraft:spruce_log":200,"minecraft:spider_eye":8,"minecraft:spruce_door":7,"minecraft:diamond_shovel":1,"minecraft:pumpkin_seeds":4,"minecraft:stone_axe":2,"minecraft:gray_wool":4,"minecraft:melon_seeds":2,"minecraft:coal":242},"minecraft:custom":{"minecraft:interact_with_crafting_table":84,"minecraft:leave_game":5,"minecraft:time_since_death":274056,"minecraft:sprint_one_cm":851065,"minecraft:damage_blocked_by_shield":560,"minecraft:drop":77,"minecraft:talked_to_villager":2,"minecraft:play_time":298367,"minecraft:deaths":2,"minecraft:jump":5675,"minecraft:walk_on_water_one_cm":20117,"minecraft:interact_with_furnace":97,"minecraft:play_record":5,"minecraft:sleep_in_bed":18,"minecraft:damage_dealt":15657,"minecraft:player_kills":7,"minecraft:crouch_one_cm":180257,"minecraft:mob_kills":88,"minecraft:interact_with_campfire":15,"minecraft:climb_one_cm":7111,"minecraft:walk_one_cm":863813,"minecraft:sneak_time":53188,"minecraft:walk_under_water_one_cm":12734,"minecraft:boat_one_cm":26355,"minecraft:total_world_time":298367,"minecraft:time_since_rest":77068,"minecraft:damage_taken":3818,"minecraft:swim_one_cm":97207,"minecraft:fly_one_cm":877345,"minecraft:open_chest":291,"minecraft:fall_one_cm":179993}},"DataVersion":2975}