{"stats":{"minecraft:used":{"minecraft:oak_fence":11,"minecraft:stone_sword":106,"minecraft:iron_shovel":669,"minecraft:stone_shovel":134,"minecraft:ladder":1,"minecraft:chest":1,"minecraft:cooked_chicken":4,"minecraft:oak_door":1,"minecraft:iron_chestplate":1,"minecraft:torch":179,"minecraft:dirt":794,"minecraft:anvil":1,"minecraft:spruce_stairs":1,"minecraft:music_disc_13":1,"minecraft:snowball":17,"minecraft:granite":3,"minecraft:azure_bluet":1,"minecraft:iron_hoe":5,"minecraft:iron_axe":387,"minecraft:iron_boots":2,"minecraft:oak_sapling":17,"minecraft:egg":2,"minecraft:cooked_beef":1,"minecraft:potato":20,"minecraft:iron_leggings":1,"minecraft:wheat_seeds":182,"minecraft:cooked_mutton":11,"minecraft:water_bucket":6,"minecraft:spruce_door":3,"minecraft:stone_pickaxe":263,"minecraft:oak_planks":21,"minecraft:wooden_pickaxe":18,"minecraft:glow_berries":7,"minecraft:music_disc_cat":3,"minecraft:white_bed":2,"minecraft:spruce_log":44,"minecraft:pumpkin_seeds":4,"minecraft:oak_log":11,"minecraft:apple":4,"minecraft:chicken":1,"minecraft:bread":7,"minecraft:iron_pickaxe":953,"minecraft:spruce_trapdoor":6,"minecraft:spruce_sapling":20,"minecraft:stone_axe":99,"minecraft:cobblestone":178,"minecraft:white_banner":3,"minecraft:porkchop":1,"minecraft:cooked_porkchop":7,"minecraft:bucket":6,"minecraft:dandelion":2,"minecraft:bone_meal":9},"minecraft:crafted":{"minecraft:oak_planks":128,"minecraft:stone_shovel":1,"minecraft:cooked_chicken":4,"minecraft:stone":6,"minecraft:bone_meal":9,"minecraft:cooked_mutton":11,"minecraft:iron_boots":1,"minecraft:iron_axe":2,"minecraft:stone_pickaxe":2,"minecraft:chest":1,"minecraft:oak_fence":12,"minecraft:cooked_beef":3,"minecraft:cooked_porkchop":21,"minecraft:spruce_planks":20,"minecraft:wooden_pickaxe":1,"minecraft:iron_helmet":1,"minecraft:copper_ingot":73,"minecraft:birch_planks":24,"minecraft:pumpkin_seeds":4,"minecraft:stone_axe":1,"minecraft:bread":8,"minecraft:air":0,"minecraft:spruce_trapdoor":4,"minecraft:iron_chestplate":1,"minecraft:stick":132,"minecraft:iron_ingot":54,"minecraft:iron_pickaxe":4,"minecraft:wooden_axe":1,"minecraft:stone_sword":1,"minecraft:iron_block":3,"minecraft:iron_shovel":6,"minecraft:iron_leggings":1,"minecraft:anvil":1,"minecraft:torch":204},"minecraft:killed_by":{"minecraft:player":2},"minecraft:broken":{"minecraft:iron_shovel":2,"minecraft:stone_pickaxe":2,"minecraft:iron_axe":1,"minecraft:iron_pickaxe":3,"minecraft:stone_shovel":1},"minecraft:mined":{"minecraft:farmland":1,"minecraft:ladder":1,"minecraft:spruce_trapdoor":2,"minecraft:cave_vines_plant":2,"minecraft:granite":41,"minecraft:spruce_fence":3,"minecraft:grass_block":354,"minecraft:spruce_leaves":56,"minecraft:oxeye_daisy":1,"minecraft:iron_ore":76,"minecraft:snow":2,"minecraft:andesite":15,"minecraft:azure_bluet":1,"minecraft:potatoes":7,"minecraft:cave_vines":2,"minecraft:stone":718,"minecraft:podzol":143,"minecraft:snow_block":8,"minecraft:spruce_door":2,"minecraft:dandelion":7,"minecraft:powder_snow":3,"minecraft:cornflower":1,"minecraft:torch":7,"minecraft:tall_grass":19,"minecraft:copper_ore":76,"minecraft:cobblestone":145,"minecraft:lapis_ore":5,"minecraft:oak_planks":12,"minecraft:diorite":5,"minecraft:wall_torch":9,"minecraft:spruce_stairs":1,"minecraft:wheat":35,"minecraft:ice":1,"minecraft:spruce_log":254,"minecraft:pumpkin_stem":4,"minecraft:bee_nest":1,"minecraft:white_wall_banner":2,"minecraft:grass":423,"minecraft:oak_log":217,"minecraft:coal_ore":130,"minecraft:gravel":15,"minecraft:dirt":354,"minecraft:oak_leaves":114,"minecraft:deepslate":2},"minecraft:picked_up":{"minecraft:wooden_axe":1,"minecraft:crafting_table":3,"minecraft:iron_chestplate":1,"minecraft:wheat":12,"minecraft:azure_bluet":3,"minecraft:chicken":7,"minecraft:ladder":1,"minecraft:wooden_pickaxe":2,"minecraft:oak_stairs":5,"minecraft:stone_brick_stairs":20,"minecraft:music_disc_cat":3,"minecraft:cornflower":1,"minecraft:string":3,"minecraft:raw_copper":301,"minecraft:iron_leggings":1,"minecraft:iron_shovel":1,"minecraft:bucket":2,"minecraft:beef":3,"minecraft:iron_pickaxe":1,"minecraft:sugar_cane":2,"minecraft:chest":1,"minecraft:spruce_trapdoor":3,"minecraft:iron_boots":1,"minecraft:egg":3,"minecraft:stick":52,"minecraft:raw_iron":76,"minecraft:oak_door":1,"minecraft:torch":26,"minecraft:spruce_stairs":1,"minecraft:spruce_fence":3,"minecraft:porkchop":11,"minecraft:diorite":9,"minecraft:stone_sword":3,"minecraft:arrow":18,"minecraft:rotten_flesh":7,"minecraft:stone_shovel":1,"minecraft:glow_berries":3,"minecraft:mutton":9,"minecraft:snowball":17,"minecraft:white_wool":5,"minecraft:cobblestone":878,"minecraft:oxeye_daisy":1,"minecraft:birch_log":6,"minecraft:feather":5,"minecraft:andesite":15,"minecraft:leather":2,"minecraft:potato":20,"minecraft:flint":7,"minecraft:oak_log":279,"minecraft:lapis_lazuli":42,"minecraft:dirt":908,"minecraft:white_banner":3,"minecraft:cooked_mutton":5,"minecraft:bone":12,"minecraft:apple":3,"minecraft:stone_bricks":64,"minecraft:wheat_seeds":210,"minecraft:oak_planks":73,"minecraft:music_disc_13":2,"minecraft:cooked_porkchop":4,"minecraft:pumpkin":1,"minecraft:sweet_berries":25,"minecraft:stone_brick_slab":36,"minecraft:dandelion":15,"minecraft:gravel":27,"minecraft:spruce_sapling":70,"minecraft:white_bed":2,"minecraft:spruce_log":278,"minecraft:spruce_door":6,"minecraft:iron_hoe":1,"minecraft:pumpkin_seeds":6,"minecraft:stone_axe":1,"minecraft:granite":53,"minecraft:gray_wool":1,"minecraft:oak_sapling":43,"minecraft:black_wool":3,"minecraft:coal":139},"minecraft:dropped":{"minecraft:bread":1,"minecraft:wheat_seeds":7,"minecraft:cooked_porkchop":4,"minecraft:cobblestone":59,"minecraft:glow_berries":2,"minecraft:stick":2,"minecraft:dirt":2,"minecraft:wooden_axe":1,"minecraft:iron_shovel":2,"minecraft:white_wool":2,"minecraft:bucket":1,"minecraft:spruce_sapling":2,"minecraft:dandelion":9,"minecraft:stone_axe":1,"minecraft:wheat":4,"minecraft:rotten_flesh":3,"minecraft:cooked_mutton":3,"minecraft:pumpkin_seeds":2,"minecraft:spruce_trapdoor":1,"minecraft:oak_sapling":22,"minecraft:spruce_log":24,"minecraft:wooden_pickaxe":1},"minecraft:killed":{"minecraft:spider":2,"minecraft:skeleton":6,"minecraft:bee":2,"minecraft:chicken":8,"minecraft:wolf":3,"minecraft:pig":6,"minecraft:sheep":4,"minecraft:pillager":2,"minecraft:zombie":9,"minecraft:cow":2},"minecraft:custom":{"minecraft:mob_kills":44,"minecraft:interact_with_anvil":3,"minecraft:interact_with_crafting_table":39,"minecraft:leave_game":2,"minecraft:time_since_death":171328,"minecraft:climb_one_cm":20274,"minecraft:sprint_one_cm":222481,"minecraft:walk_one_cm":898798,"minecraft:drop":49,"minecraft:play_time":251019,"minecraft:deaths":4,"minecraft:sneak_time":16540,"minecraft:walk_under_water_one_cm":8279,"minecraft:jump":3965,"minecraft:walk_on_water_one_cm":9572,"minecraft:total_world_time":251019,"minecraft:interact_with_furnace":173,"minecraft:play_record":4,"minecraft:sleep_in_bed":17,"minecraft:time_since_rest":7537,"minecraft:damage_taken":3123,"minecraft:damage_dealt":6654,"minecraft:player_kills":2,"minecraft:swim_one_cm":25222,"minecraft:fly_one_cm":448962,"minecraft:open_chest":258,"minecraft:crouch_one_cm":55583,"minecraft:fall_one_cm":100223}},"DataVersion":2975}