{"stats":{"minecraft:used":{"minecraft:wheat_seeds":7,"minecraft:cooked_mutton":4,"minecraft:stone_sword":40,"minecraft:iron_shovel":74,"minecraft:carved_pumpkin":3,"minecraft:ladder":4,"minecraft:wooden_pickaxe":6,"minecraft:oak_door":1,"minecraft:torch":6,"minecraft:dirt":59,"minecraft:music_disc_cat":2,"minecraft:carrot":5,"minecraft:white_bed":4,"minecraft:granite":19,"minecraft:snowball":94,"minecraft:stone_brick_slab":1,"minecraft:chicken":1,"minecraft:spruce_trapdoor":3,"minecraft:stone_bricks":1,"minecraft:stone_axe":6,"minecraft:cobblestone":180,"minecraft:sweet_berries":118,"minecraft:egg":1,"minecraft:potato":5,"minecraft:pumpkin":4,"minecraft:pointed_dripstone":5,"minecraft:golden_pickaxe":2},"minecraft:crafted":{"minecraft:cooked_chicken":2,"minecraft:copper_ingot":40,"minecraft:air":0,"minecraft:cooked_mutton":3,"minecraft:iron_ingot":76},"minecraft:killed_by":{"minecraft:player":8,"minecraft:wolf":1,"minecraft:skeleton":1,"minecraft:creeper":2,"minecraft:zombie":7,"minecraft:pillager":1,"minecraft:enderman":1},"minecraft:mined":{"minecraft:white_bed":4,"minecraft:brown_mushroom":19,"minecraft:oak_sapling":1,"minecraft:oak_door":1,"minecraft:powder_snow":20,"minecraft:spruce_trapdoor":3,"minecraft:carved_pumpkin":3,"minecraft:torch":14,"minecraft:glow_lichen":1,"minecraft:ladder":4,"minecraft:dark_oak_fence":1,"minecraft:grass_block":31,"minecraft:tall_grass":5,"minecraft:spruce_leaves":6,"minecraft:red_mushroom":14,"minecraft:wall_torch":2,"minecraft:large_fern":5,"minecraft:hay_block":2,"minecraft:spruce_sapling":1,"minecraft:wheat":3,"minecraft:sweet_berry_bush":53,"minecraft:ice":1,"minecraft:pumpkin":4,"minecraft:grass":27,"minecraft:pointed_dripstone":9,"minecraft:gravel":6,"minecraft:dirt":42,"minecraft:packed_ice":1,"minecraft:netherrack":1,"minecraft:white_wool":20,"minecraft:oak_leaves":7,"minecraft:fern":5},"minecraft:picked_up":{"minecraft:wheat":3,"minecraft:chicken":1,"minecraft:ladder":4,"minecraft:brown_mushroom":16,"minecraft:wooden_pickaxe":1,"minecraft:red_mushroom":14,"minecraft:potato":8,"minecraft:music_disc_cat":2,"minecraft:dirt":76,"minecraft:string":1,"minecraft:cooked_mutton":4,"minecraft:iron_shovel":4,"minecraft:bone":1,"minecraft:stone_bricks":1,"minecraft:wheat_seeds":14,"minecraft:cobbled_deepslate":4,"minecraft:iron_ingot":12,"minecraft:spruce_trapdoor":3,"minecraft:iron_boots":1,"minecraft:stick":8,"minecraft:oak_door":1,"minecraft:pumpkin":4,"minecraft:sweet_berries":123,"minecraft:copper_ingot":28,"minecraft:stone_brick_slab":4,"minecraft:torch":16,"minecraft:dandelion":1,"minecraft:gravel":11,"minecraft:porkchop":11,"minecraft:pointed_dripstone":19,"minecraft:white_bed":5,"minecraft:carrot":3,"minecraft:spider_eye":1,"minecraft:stone_sword":1,"minecraft:arrow":4,"minecraft:rotten_flesh":6,"minecraft:stone_axe":3,"minecraft:iron_helmet":1,"minecraft:hay_block":2,"minecraft:carved_pumpkin":3,"minecraft:golden_apple":1,"minecraft:bread":1,"minecraft:oak_sapling":2,"minecraft:dark_oak_fence":1,"minecraft:snowball":99,"minecraft:white_wool":20,"minecraft:cobblestone":57},"minecraft:dropped":{"minecraft:iron_ingot":41,"minecraft:stone_axe":1,"minecraft:wheat_seeds":2,"minecraft:stone_sword":1,"minecraft:wheat":3,"minecraft:feather":2,"minecraft:cobblestone":53,"minecraft:rotten_flesh":2,"minecraft:iron_boots":1,"minecraft:cooked_mutton":2,"minecraft:golden_apple":1,"minecraft:stick":8,"minecraft:dirt":59,"minecraft:torch":2,"minecraft:oak_sapling":1,"minecraft:iron_shovel":4},"minecraft:killed":{"minecraft:pig":6,"minecraft:skeleton":1,"minecraft:pillager":4,"minecraft:zombie":1},"minecraft:custom":{"minecraft:interact_with_furnace":41,"minecraft:mob_kills":12,"minecraft:play_record":2,"minecraft:interact_with_crafting_table":2,"minecraft:leave_game":2,"minecraft:time_since_death":2396,"minecraft:sleep_in_bed":7,"minecraft:climb_one_cm":9890,"minecraft:time_since_rest":2431,"minecraft:sprint_one_cm":738541,"minecraft:damage_taken":12970,"minecraft:walk_one_cm":399049,"minecraft:drop":176,"minecraft:damage_dealt":2909,"minecraft:swim_one_cm":50403,"minecraft:fly_one_cm":795526,"minecraft:player_kills":1,"minecraft:open_chest":109,"minecraft:crouch_one_cm":1394,"minecraft:play_time":152825,"minecraft:deaths":45,"minecraft:sneak_time":527,"minecraft:walk_under_water_one_cm":10756,"minecraft:jump":4104,"minecraft:walk_on_water_one_cm":26825,"minecraft:total_world_time":152825,"minecraft:fall_one_cm":207711}},"DataVersion":2975}