{"stats":{"minecraft:killed":{"minecraft:skeleton":1,"minecraft:spider":1,"minecraft:cow":1},"minecraft:mined":{"minecraft:grass_block":1,"minecraft:grass":12,"minecraft:oak_log":7,"minecraft:stone":26},"minecraft:picked_up":{"minecraft:stick":3,"minecraft:stone_sword":1,"minecraft:arrow":2,"minecraft:rotten_flesh":4,"minecraft:leather":1,"minecraft:wooden_pickaxe":1,"minecraft:beef":1,"minecraft:oak_log":6,"minecraft:white_bed":2,"minecraft:oak_planks":5,"minecraft:dirt":1,"minecraft:cobblestone":26},"minecraft:broken":{"minecraft:wooden_pickaxe":1},"minecraft:used":{"minecraft:dirt":1,"minecraft:white_bed":2,"minecraft:wooden_pickaxe":26,"minecraft:cooked_beef":2},"minecraft:crafted":{"minecraft:oak_planks":4,"minecraft:stone_pickaxe":1,"minecraft:air":0,"minecraft:cooked_mutton":2,"minecraft:cooked_beef":2},"minecraft:custom":{"minecraft:interact_with_furnace":3,"minecraft:time_since_rest":9851,"minecraft:walk_one_cm":30847,"minecraft:play_time":14665,"minecraft:sprint_one_cm":60923,"minecraft:damage_taken":510,"minecraft:deaths":1,"minecraft:walk_under_water_one_cm":549,"minecraft:mob_kills":3,"minecraft:jump":471,"minecraft:damage_dealt":364,"minecraft:leave_game":1,"minecraft:time_since_death":9827,"minecraft:walk_on_water_one_cm":1958,"minecraft:total_world_time":14665,"minecraft:interact_with_crafting_table":1,"minecraft:fall_one_cm":15645,"minecraft:fly_one_cm":90988}},"DataVersion":2975}